<?xml version="1.0" encoding="UTF-8" standalone="yes"?>
<addon id="repository.dragonmedia" name="DragonMedia" version="1.0" provider-name="Dragon">
	<extension point="xbmc.addon.repository" name="DragonMedia">
		<info compressed="false">https://raw.githubusercontent.com/Bizosvil01/DragonMedia/master/zips/addons.xml</info>
		<checksum>https://raw.githubusercontent.com/Bizosvil01/DragonMedia/master/zips/addons.xml.md5</checksum>
		<datadir zip="true">https://github.com/Bizosvil01/DragonMedia/raw/master/zips/</datadir>
	</extension>
	<extension point="xbmc.addon.metadata">
		<summary>DragonMedia</summary>
		<description>DragonMedia</description>
		<platform>all</platform>
	</extension>
</addon>

