<?xml version="1.0" encoding="UTF-8" standalone="yes"?>
<addon id="plugin.video.darkdragon" version="1.0.0" name="Dark Dragon" provider-name="Dragon">
	<requires>
		<import addon="xbmc.python" version="2.19.0" />
		<import addon="script.module.darkdragon" />
		<import addon="script.darkdragon.artwork" />
		<import addon="script.darkdragon.metadata" />
		<import addon="script.module.resolveurl" />
		<import addon="script.module.requests" />
		
		<import addon="script.module.metahandler" version="1.0.0" />
	</requires>
	<extension point="xbmc.python.pluginsource" library="default.py">
		<provides>video</provides>
	</extension>
	<extension point="xbmc.service" library="service.py" start="startup" />
	<extension point="xbmc.addon.metadata">
		<summary lang="en">Dark Dragon</summary>
		<description lang="en">Dark Dragon</description>
		<disclaimer lang="en">Dark Dragon</disclaimer>
		<platform>all</platform>
		<license>GNU GENERAL PUBLIC LICENSE. Version 3, 29 June 2007</license>
		<assets>
			<icon>icon.png</icon>
			<fanart>fanart.jpg</fanart>
    			<screenshot></screenshot>
		</assets>
		<news></news>
	</extension>
</addon>
